,Arguments,,,,,,,,
Input_file_name,SampleData/Mgenitalium_3strains.fasta,,,,,,,,
Target,"CP003770.1 Mycoplasma genitalium M2321, complete genome, L43967.2 Mycoplasma genitalium G37, complete genome, CP003772.1 Mycoplasma genitalium M6320, complete genome",,,,,,,,
Exclude_file_name,None,,,,,,,,
Exclude_target,,,,,,,,,
Probe_size_range_description,25,,,,,,,,
allowance,0.15,,,,,,,,
cut_off_lower,50,,,,,,,,
cut_off_upper,1000,,,,,,,,
Interval_distance,10000,,,,,,,,
Match_rate,0.8,,,,,,,,
Result_output,10000,,,,,,,,
Search_mode,sparse,,,,,,,,
Window_size,950,,,,,,,,
Maximum_annealing_site_number,5,,,,,,,,
Score_calculation_mode,Fragment,,,,,,,,
,,"L43967.2 Mycoplasma genitalium G37, complete genome","CP003772.1 Mycoplasma genitalium M6320, complete genome","CP003770.1 Mycoplasma genitalium M2321, complete genome",Score,Fragment_number,Forward_Tm_value,Reverse_Tm_value,Tm_value_difference
TAGTTAAAAAAGTTTTGAATTTTTC,GTTGTTGGTGACTGCTAGCTTRCTA,"[(830, 1.0)]","[(975, 1.0)]","[(963, 1.0)]",100,3,55.9,62.4,6.5
TTTTGAATTTTTCTTAGTTTTTTAT,GTTGTTGGTGACTGCTAGCTTRCTA,"[(818, 1.0)]","[(963, 1.0)]","[(951, 1.0)]",100,3,55.5,62.4,6.9
GAGTGGAACGGGAGATCAATTTAAC,TCTCATTGGWAACATTCGGTACATC,"[(674, 1.0)]","[(475, 1.0)]","[(481, 1.0)]",100,3,66.3,64.6,1.7
CTACACCCATTTACCCAACAGTATC,TCTCATTGGWAACATTCGGTACATC,"[(812, 1.0)]","[(613, 1.0)]","[(724, 1.0)]",100,3,63.1,64.6,1.5
TCATCVATGAGTRGTGGTGGGGCTA,ATAAAAAACTAAGAAAAATTCAAAA,"[(914, 1.0)]","[(803, 1.0)]","[(927, 1.0)]",100,3,69.2,55.5,13.7
TCATCVATGAGTRGTGGTGGGGCTA,GAAAAATTCAAAACTTTTTTAACTA,"[(902, 1.0)]","[(791, 1.0)]","[(915, 1.0)]",100,3,69.2,55.9,13.3
CTACACCCATTTACCCAACAGTATC,SRTTCATCTCATTGGWAACATTCGG,"[(818, 1.0)]","[(619, 1.0)]","[(730, 1.0)]",100,3,63.1,66,2.9
GAGTGGAACGGGAGATCAATTTAAC,SRTTCATCTCATTGGWAACATTCGG,"[(680, 1.0)]","[(481, 1.0)]","[(487, 1.0)]",100,3,66.3,66,0.3
GTGTTTAYACCTGGTAGTACACCAG,TCTCATTGGWAACATTCGGTACATC,"[(991, 1.0)]","[(786, 1.0)]","[(903, 1.0)]",100,3,59.3,64.6,5.3
GAGTGGAACGGGAGATCAATTTAAC,TSGTTCATSTCATTGGWAACATTCG,"[(681, 1.0)]","[(482, 1.0)]","[(488, 1.0)]",100,3,66.3,67.4,1.1
CTACACCCATTTACCCAACAGTATC,TSGTTCATSTCATTGGWAACATTCG,"[(819, 1.0)]","[(620, 1.0)]","[(731, 1.0)]",100,3,63.1,67.4,4.3
ACMACCTACACCCATTTACCCAACA,TCTCATTGGWAACATTCGGTACATC,"[(817, 1.0)]","[(618, 1.0)]","[(729, 1.0)]",100,3,67.7,64.6,3.1
SAAARAYRGGGGAGAAACTCAGTGA,ATAAAAAACTAAGAAAAATTCAAAA,"[(897, 1.0)]","[(837, 1.0)]","[(959, 1.0)]",100,3,64.3,55.5,8.8
SAAARAYRGGGGAGAAACTCAGTGA,GAAAAATTCAAAACTTTTTTAACTA,"[(885, 1.0)]","[(825, 1.0)]","[(947, 1.0)]",100,3,64.3,55.9,8.4
SAAARAYRGGGGAGAAACTCAGTGA,ACCACCATTCACCTCCCCAAACCCA,"[(835, 1.0)]","[(775, 1.0)]","[(863, 1.0)]",100,3,64.3,76.8,12.5
ATGATAAAGCCTGAAAACCGGTGTT,AAAATCTAAARCTTTTTTAACYAWW,"[(711, 1.0)]","[(715, 1.0)]","[(897, 1.0)]",100,3,67.9,51.1,16.8
KYTTTACCTTTATTTAATTAATAAA,TGGTCATGTTAGTCAAATCACTAYT,"[(830, 1.0)]","[(916, 1.0)]","[(892, 1.0)]",100,3,51.4,60.2,8.8
GTTAAAAAAGTTTTGAATTTTTMTY,GTTGTTGGTGACTGCTAGCTTRCTA,"[(828, 1.0)]","[(973, 1.0)]","[(961, 1.0)]",100,3,55,62.4,7.4
TACTTATTTAATAGTTAAAAARKTT,GTTGTTGGTGACTGCTAGCTTRCTA,"[(841, 1.0)]","[(986, 1.0)]","[(974, 1.0)]",100,3,49.2,62.4,13.2
TGGTAGTACACCAGACATYTGAACR,TCTCATTGGWAACATTCGGTACATC,"[(980, 1.0)]","[(775, 1.0)]","[(892, 1.0)]",100,3,64.1,64.6,0.5
ACCACCTASAYCCATTTACCCAACA,TCTCATTGGWAACATTCGGTACATC,"[(817, 1.0)]","[(618, 1.0)]","[(624, 1.0)]",100,3,67,64.6,2.4
TTCAWCTTCTGCTTCCTCAACCCCM,KAAAAATTCAAAACTTTTTTAACTA,"[(561, 1.0)]","[(586, 1.0)]","[(697, 1.0)]",100,3,72.2,54.4,17.8
TTACCTTTATTTAATTAATAAAMYY,TGGTCATGTTAGTCAAATCACTAYT,"[(827, 1.0)]","[(913, 1.0)]","[(889, 1.0)]",100,3,51,60.2,9.2
GTGTTTAYACCTGGTAGTACACCAG,SRTTCATCTCATTGGWAACATTCGG,"[(997, 1.0)]","[(792, 1.0)]","[(909, 1.0)]",100,3,59.3,66,6.7
SRKTTTTACTTATTTAATAGTTAAA,GTTGTTGGTGACTGCTAGCTTRCTA,"[(847, 1.0)]","[(992, 1.0)]","[(980, 1.0)]",100,3,49.4,62.4,13
GTGTTTAYACCTGGTAGTACACCAG,TSGTTCATSTCATTGGWAACATTCG,"[(998, 1.0)]","[(793, 1.0)]","[(910, 1.0)]",100,3,59.3,67.4,8.1
ATTYAATAGTTAAAAAAGCKTTAGR,KTCACTGATTTGAATTTGAGAGATG,"[(458, 1.0)]","[(450, 1.0)]","[(595, 1.0)]",100,3,53.2,62.6,9.4
ATTYAATAGTTAAAAAAGCKTTAGR,TGCCGTTGTTKCTTCTGTTGAACTC,"[(649, 1.0)]","[(641, 1.0)]","[(786, 1.0)]",100,3,53.2,69,15.8
ACMACCTACACCCATTTACCCAACA,SRTTCATCTCATTGGWAACATTCGG,"[(823, 1.0)]","[(624, 1.0)]","[(735, 1.0)]",100,3,67.7,66,1.7
TCATCSATGAGTAGTGGTGGGGCTA,TTTAACTATTAAATAAGTAAAAMYS,"[(868, 1.0)]","[(774, 1.0)]","[(898, 1.0)]",100,3,71.1,49.4,21.7
ACMACCTACACCCATTTACCCAACA,TSGTTCATSTCATTGGWAACATTCG,"[(824, 1.0)]","[(625, 1.0)]","[(736, 1.0)]",100,3,67.7,67.4,0.3
DCMAAAAACGACTTTGCTAAAAARC,KAAAAATTCAAAACTTTTTTAACTA,"[(763, 1.0)]","[(909, 1.0)]","[(818, 1.0)]",100,3,62.2,54.4,7.8
TTAYYTATTTAATAKTTAARAAAGT,GTTGTTGGTGACTGCTAGCTTRCTA,"[(842, 1.0)]","[(987, 1.0)]","[(975, 1.0)]",100,3,48.9,62.4,13.5
GTGTTTAYACCTGGTAGTACACCAG,TTTATTAATTAAAWAWAGRTAAARC,"[(739, 1.0)]","[(558, 1.0)]","[(666, 1.0)]",100,3,59.3,47.5,11.8
GTGTTTAYACCTGGTAGTACACCAG,GTMRAGGTTTTATTAATTAAAWAWA,"[(747, 1.0)]","[(566, 1.0)]","[(674, 1.0)]",100,3,59.3,49.2,10.1
GTGTTTAYACCTGGTAGTACACCAG,GKTTTTATTAATTAAAWAWAGRTAA,"[(742, 1.0)]","[(561, 1.0)]","[(669, 1.0)]",100,3,59.3,47.5,11.8
TCATCSATGAGTAGTGGTGGGGCTA,ACTTTYTTAAMTATTAAATARRTAA,"[(918, 1.0)]","[(779, 1.0)]","[(903, 1.0)]",100,3,71.1,48.9,22.2
TTCAWCTTCTGCTTCCTCAACCCCM,RAKAAAAATTCAAAACTTTTTTAAC,"[(563, 1.0)]","[(588, 1.0)]","[(699, 1.0)]",100,3,72.2,55,17.2
RGGGTTTGGGGAGGTGAATGGTGST,CTAATSTKGTTATTTGAGCCACTTG,"[(468, 1.0)]","[(377, 1.0)]","[(280, 1.0)]",100,3,75.1,61.6,13.5
TCATCVATGAGTRGTGGTGGGGCTA,TTAAATAAGTAAAAAYCTWATAAAA,"[(877, 1.0)]","[(766, 1.0)]","[(890, 1.0)]",100,3,69.2,50,19.2
TCATCVATGAGTRGTGGTGGGGCTA,AAMYTTTTTAACTATTAAATAAGTA,"[(891, 1.0)]","[(780, 1.0)]","[(904, 1.0)]",100,3,69.2,49.2,20
TCATCVATGAGTRGTGGTGGGGCTA,RAKAAAAATTCAAAACTTTTTTAAC,"[(904, 1.0)]","[(793, 1.0)]","[(917, 1.0)]",100,3,69.2,55,14.2
RAAAKTYTYRAATTTTTCTTAGTTT,GTTGTTGGTGACTGCTAGCTTRCTA,"[(823, 1.0)]","[(968, 1.0)]","[(956, 1.0)]",100,3,54.1,62.4,8.3
TTATHARRTTTTTAYYTATTTAATA,GTTGTTGGTGACTGCTAGCTTRCTA,"[(853, 1.0)]","[(998, 1.0)]","[(986, 1.0)]",100,3,47.8,62.4,14.6
CCCTYAAGRTTGAGGTGGARARRGG,KAAAAATTCAAAACTTTTTTAACTA,"[(953, 1.0)]","[(751, 1.0)]","[(806, 1.0)]",100,3,67.2,54.4,12.8
CCCTYAAGATKGAGGTGGARARRGG,KAAAAATTCAAAACTTTTTTAACTA,"[(953, 1.0)]","[(751, 1.0)]","[(949, 1.0)]",100,3,67.2,54.4,12.8
CCTYAAGRTTGAGGTGGAAARRGGS,KAAAAATTCAAAACTTTTTTAACTA,"[(952, 1.0)]","[(750, 1.0)]","[(805, 1.0)]",100,3,67.2,54.4,12.8
TCATCSATGAGTAGTGGTGGGGCTA,RAKAAAAATYYAAARCTTTTTTAAC,"[(887, 1.0)]","[(793, 1.0)]","[(917, 1.0)]",100,3,71.1,52.6,18.5
TCATCSATGAGTAGTGGTGGGGCTA,TTAAATARRTAAAAAYYTDATAAAA,"[(905, 1.0)]","[(766, 1.0)]","[(890, 1.0)]",100,3,71.1,49.9,21.2
TCATCSATGAGTAGTGGTGGGGCTA,TATTAAATARRTAAAAAYYTDATAA,"[(907, 1.0)]","[(768, 1.0)]","[(892, 1.0)]",100,3,71.1,47.8,23.3
